{
    "223680035": "eyJhbGciOiJIUzI1NiIsInR5cCI6IkpXVCJ9.eyJoYXNfZ3Vlc3QiOmZhbHNlLCJ0eXBlIjoiQUNDRVNTIiwiaXNzIjoiYmx1bSIsInN1YiI6IjI0NDU2ZTNmLTg3MWQtNDI5OS1hN2IyLWZmNDRiMGY4YWE2OCIsImV4cCI6MTcyNTM2OTI4MSwiaWF0IjoxNzI1MzY1NjgxfQ.DVRzNQpTLRlD5-6CrLaVHkruQ3LBGL7Sm1G2D8I0Lr8",
    "6895095554": "eyJhbGciOiJIUzI1NiIsInR5cCI6IkpXVCJ9.eyJoYXNfZ3Vlc3QiOmZhbHNlLCJ0eXBlIjoiQUNDRVNTIiwiaXNzIjoiYmx1bSIsInN1YiI6ImI5OWRmYzRmLTVkOGMtNDVkMC04NmFiLWE4MTE5ZDVkYWY2ZCIsImV4cCI6MTcyNTM2OTI4NiwiaWF0IjoxNzI1MzY1Njg2fQ.mjq0aHBmi4wwdZWtT9FqFiC_JJkt8dCH5BGDaGDDWRw",
    "5849017906": "eyJhbGciOiJIUzI1NiIsInR5cCI6IkpXVCJ9.eyJoYXNfZ3Vlc3QiOmZhbHNlLCJ0eXBlIjoiQUNDRVNTIiwiaXNzIjoiYmx1bSIsInN1YiI6Ijc2ZThlMTkyLWZjYTEtNDg0MS05Yzg3LTAxZGUzNzFkMTE0NyIsImV4cCI6MTcyNTM2OTI5MSwiaWF0IjoxNzI1MzY1NjkxfQ.Q7YephVmRLV2aTcLGjPkshfZHEievuWSeMMYAN9J_wQ",
    "7181326174": "eyJhbGciOiJIUzI1NiIsInR5cCI6IkpXVCJ9.eyJoYXNfZ3Vlc3QiOmZhbHNlLCJ0eXBlIjoiQUNDRVNTIiwiaXNzIjoiYmx1bSIsInN1YiI6IjRiMGVjZTI5LTU2NWMtNDdhNi1iMjYyLThhZmNjZTVkMjhhMyIsImV4cCI6MTcyNTM2OTI5NiwiaWF0IjoxNzI1MzY1Njk2fQ.GrlOvUv1_xb1WaULGSfyfeQCVtXl2U-SO-Qc98o7_Bc",
    "7408688441": "eyJhbGciOiJIUzI1NiIsInR5cCI6IkpXVCJ9.eyJoYXNfZ3Vlc3QiOmZhbHNlLCJ0eXBlIjoiQUNDRVNTIiwiaXNzIjoiYmx1bSIsInN1YiI6IjdmNzYzMzI1LWQ5NDQtNGVlOC1iZmI3LWMxYWQ0NDJjZTExOCIsImV4cCI6MTcyNTM2OTMwMCwiaWF0IjoxNzI1MzY1NzAwfQ.k9fi0eAZxXxF5PWpjRY7QU_Va9HVjtdsrvXwCi79XvM",
    "7476608814": "eyJhbGciOiJIUzI1NiIsInR5cCI6IkpXVCJ9.eyJoYXNfZ3Vlc3QiOmZhbHNlLCJ0eXBlIjoiQUNDRVNTIiwiaXNzIjoiYmx1bSIsInN1YiI6Ijc1MTQ0YTBmLTY5MjktNGUyOS1hZDBlLTk1NGY4YmYzODMzNCIsImV4cCI6MTcyNTM2OTMwNSwiaWF0IjoxNzI1MzY1NzA1fQ._F16LJ1exB3S3DjClzYhpQN1KN9Mftdzh1IB9uwoA-A"
}